platform,run_key,run_label,elapsed_sec,cpu_active_percent,cpu_user_percent,cpu_system_percent,cpu_iowait_percent,source_file
nuc,mapping,Point-LIO Mapping + Camera,0.0,15.800,10.490,4.320,0.990,nuc_mapping_total_cpu.txt
nuc,mapping,Point-LIO Mapping + Camera,1.0,17.020,12.760,3.380,0.880,nuc_mapping_total_cpu.txt
nuc,mapping,Point-LIO Mapping + Camera,2.0,9.650,6.000,2.740,0.910,nuc_mapping_total_cpu.txt
nuc,mapping,Point-LIO Mapping + Camera,3.0,13.640,10.730,2.270,0.630,nuc_mapping_total_cpu.txt
nuc,mapping,Point-LIO Mapping + Camera,4.0,12.150,8.480,2.780,0.890,nuc_mapping_total_cpu.txt
nuc,mapping,Point-LIO Mapping + Camera,5.0,13.470,9.910,2.800,0.760,nuc_mapping_total_cpu.txt
nuc,mapping,Point-LIO Mapping + Camera,6.0,12.710,8.390,3.560,0.760,nuc_mapping_total_cpu.txt
nuc,mapping,Point-LIO Mapping + Camera,7.0,16.190,11.790,3.760,0.630,nuc_mapping_total_cpu.txt
nuc,mapping,Point-LIO Mapping + Camera,8.0,17.320,12.900,3.690,0.740,nuc_mapping_total_cpu.txt
nuc,mapping,Point-LIO Mapping + Camera,9.0,23.100,16.920,5.830,0.350,nuc_mapping_total_cpu.txt
nuc,mapping,Point-LIO Mapping + Camera,10.0,18.490,13.620,4.500,0.360,nuc_mapping_total_cpu.txt
nuc,mapping,Point-LIO Mapping + Camera,11.0,21.710,15.980,5.610,0.120,nuc_mapping_total_cpu.txt
nuc,mapping,Point-LIO Mapping + Camera,12.0,15.990,11.590,4.160,0.250,nuc_mapping_total_cpu.txt
nuc,mapping,Point-LIO Mapping + Camera,13.0,17.770,12.940,4.700,0.130,nuc_mapping_total_cpu.txt
nuc,mapping,Point-LIO Mapping + Camera,14.0,26.300,19.360,6.580,0.370,nuc_mapping_total_cpu.txt
nuc,mapping,Point-LIO Mapping + Camera,15.0,14.890,11.760,2.880,0.250,nuc_mapping_total_cpu.txt
nuc,mapping,Point-LIO Mapping + Camera,16.0,15.530,11.990,3.410,0.130,nuc_mapping_total_cpu.txt
nuc,mapping,Point-LIO Mapping + Camera,17.0,12.020,8.530,3.230,0.260,nuc_mapping_total_cpu.txt
nuc,mapping,Point-LIO Mapping + Camera,18.0,17.000,12.740,3.880,0.380,nuc_mapping_total_cpu.txt
nuc,mapping,Point-LIO Mapping + Camera,19.0,13.410,9.960,3.320,0.130,nuc_mapping_total_cpu.txt
nuc,mapping,Point-LIO Mapping + Camera,20.0,14.760,10.780,3.720,0.260,nuc_mapping_total_cpu.txt
nuc,mapping,Point-LIO Mapping + Camera,21.0,15.520,11.390,4.010,0.130,nuc_mapping_total_cpu.txt
nuc,mapping,Point-LIO Mapping + Camera,22.0,14.210,10.470,3.490,0.260,nuc_mapping_total_cpu.txt
nuc,mapping,Point-LIO Mapping + Camera,23.0,14.140,10.480,3.540,0.130,nuc_mapping_total_cpu.txt
nuc,mapping,Point-LIO Mapping + Camera,24.0,15.900,12.220,3.440,0.250,nuc_mapping_total_cpu.txt
nuc,mapping,Point-LIO Mapping + Camera,25.0,14.070,10.650,3.170,0.250,nuc_mapping_total_cpu.txt
nuc,mapping,Point-LIO Mapping + Camera,26.0,14.650,10.670,3.730,0.260,nuc_mapping_total_cpu.txt
nuc,mapping,Point-LIO Mapping + Camera,27.0,15.880,12.660,2.980,0.250,nuc_mapping_total_cpu.txt
nuc,mapping,Point-LIO Mapping + Camera,28.0,13.240,9.000,4.240,0.000,nuc_mapping_total_cpu.txt
nuc,mapping,Point-LIO Mapping + Camera,29.0,16.310,12.260,3.790,0.250,nuc_mapping_total_cpu.txt
nuc,mapping,Point-LIO Mapping + Camera,30.0,13.720,10.290,3.180,0.250,nuc_mapping_total_cpu.txt
nuc,mapping,Point-LIO Mapping + Camera,31.0,15.580,11.620,3.830,0.130,nuc_mapping_total_cpu.txt
nuc,mapping,Point-LIO Mapping + Camera,32.0,15.160,11.160,3.630,0.380,nuc_mapping_total_cpu.txt
nuc,mapping,Point-LIO Mapping + Camera,33.0,18.500,14.920,3.450,0.120,nuc_mapping_total_cpu.txt
nuc,mapping,Point-LIO Mapping + Camera,34.0,13.420,9.680,3.610,0.130,nuc_mapping_total_cpu.txt
nuc,mapping,Point-LIO Mapping + Camera,35.0,19.560,15.280,3.910,0.370,nuc_mapping_total_cpu.txt
nuc,mapping,Point-LIO Mapping + Camera,36.0,14.140,10.540,3.470,0.130,nuc_mapping_total_cpu.txt
nuc,mapping,Point-LIO Mapping + Camera,37.0,16.860,12.540,4.060,0.250,nuc_mapping_total_cpu.txt
nuc,mapping,Point-LIO Mapping + Camera,38.0,17.180,12.530,4.520,0.130,nuc_mapping_total_cpu.txt
nuc,mapping,Point-LIO Mapping + Camera,39.0,21.640,16.420,5.100,0.120,nuc_mapping_total_cpu.txt
nuc,mapping,Point-LIO Mapping + Camera,40.0,20.540,14.720,5.320,0.500,nuc_mapping_total_cpu.txt
nuc,mapping,Point-LIO Mapping + Camera,41.0,21.650,16.600,4.800,0.250,nuc_mapping_total_cpu.txt
nuc,mapping,Point-LIO Mapping + Camera,42.0,19.070,15.150,3.910,0.000,nuc_mapping_total_cpu.txt
nuc,mapping,Point-LIO Mapping + Camera,43.0,19.600,15.390,4.090,0.120,nuc_mapping_total_cpu.txt
nuc,mapping,Point-LIO Mapping + Camera,44.0,17.830,13.900,3.670,0.250,nuc_mapping_total_cpu.txt
nuc,mapping,Point-LIO Mapping + Camera,45.0,19.370,14.090,5.030,0.250,nuc_mapping_total_cpu.txt
nuc,mapping,Point-LIO Mapping + Camera,46.0,20.050,15.410,4.510,0.130,nuc_mapping_total_cpu.txt
nuc,mapping,Point-LIO Mapping + Camera,47.0,16.650,12.450,4.190,0.000,nuc_mapping_total_cpu.txt
nuc,mapping,Point-LIO Mapping + Camera,48.0,16.310,12.230,3.570,0.510,nuc_mapping_total_cpu.txt
nuc,mapping,Point-LIO Mapping + Camera,49.0,15.720,12.200,3.270,0.250,nuc_mapping_total_cpu.txt
nuc,mapping,Point-LIO Mapping + Camera,50.0,15.190,11.460,3.730,0.000,nuc_mapping_total_cpu.txt
nuc,mapping,Point-LIO Mapping + Camera,51.0,16.750,12.880,3.750,0.120,nuc_mapping_total_cpu.txt
nuc,mapping,Point-LIO Mapping + Camera,52.0,16.960,12.880,3.700,0.380,nuc_mapping_total_cpu.txt
nuc,mapping,Point-LIO Mapping + Camera,53.0,15.790,12.410,3.130,0.250,nuc_mapping_total_cpu.txt
nuc,mapping,Point-LIO Mapping + Camera,54.0,17.570,14.160,3.410,0.000,nuc_mapping_total_cpu.txt
nuc,mapping,Point-LIO Mapping + Camera,55.0,12.900,9.160,3.480,0.260,nuc_mapping_total_cpu.txt
nuc,mapping,Point-LIO Mapping + Camera,56.0,16.160,12.470,3.560,0.130,nuc_mapping_total_cpu.txt
nuc,mapping,Point-LIO Mapping + Camera,57.0,13.460,10.260,3.080,0.130,nuc_mapping_total_cpu.txt
nuc,mapping,Point-LIO Mapping + Camera,58.0,13.140,9.460,3.420,0.260,nuc_mapping_total_cpu.txt
nuc,mapping,Point-LIO Mapping + Camera,59.0,15.080,12.310,2.510,0.250,nuc_mapping_total_cpu.txt
nuc,mapping,Point-LIO Mapping + Camera,60.0,15.950,12.400,3.290,0.250,nuc_mapping_total_cpu.txt
nuc,mapping,Point-LIO Mapping + Camera,61.0,12.770,9.680,2.970,0.130,nuc_mapping_total_cpu.txt
nuc,mapping,Point-LIO Mapping + Camera,62.0,14.300,11.110,3.070,0.130,nuc_mapping_total_cpu.txt
nuc,mapping,Point-LIO Mapping + Camera,63.0,15.840,11.660,4.060,0.130,nuc_mapping_total_cpu.txt
nuc,mapping,Point-LIO Mapping + Camera,64.0,14.010,10.820,2.930,0.250,nuc_mapping_total_cpu.txt
nuc,mapping,Point-LIO Mapping + Camera,65.0,18.110,14.520,3.470,0.120,nuc_mapping_total_cpu.txt
nuc,mapping,Point-LIO Mapping + Camera,66.0,14.840,11.330,3.140,0.380,nuc_mapping_total_cpu.txt
nuc,mapping,Point-LIO Mapping + Camera,67.0,16.180,12.770,3.290,0.130,nuc_mapping_total_cpu.txt
nuc,mapping,Point-LIO Mapping + Camera,68.0,14.300,10.850,3.320,0.130,nuc_mapping_total_cpu.txt
nuc,mapping,Point-LIO Mapping + Camera,69.0,17.270,14.150,3.000,0.130,nuc_mapping_total_cpu.txt
nuc,mapping,Point-LIO Mapping + Camera,70.0,12.350,8.970,3.250,0.130,nuc_mapping_total_cpu.txt
nuc,mapping,Point-LIO Mapping + Camera,71.0,16.110,12.920,3.070,0.130,nuc_mapping_total_cpu.txt
nuc,mapping,Point-LIO Mapping + Camera,72.0,14.610,10.670,3.560,0.380,nuc_mapping_total_cpu.txt
nuc,mapping,Point-LIO Mapping + Camera,73.0,14.430,10.790,3.380,0.260,nuc_mapping_total_cpu.txt
nuc,mapping,Point-LIO Mapping + Camera,74.0,15.310,11.670,3.510,0.130,nuc_mapping_total_cpu.txt
nuc,mapping,Point-LIO Mapping + Camera,75.0,16.370,12.690,3.430,0.250,nuc_mapping_total_cpu.txt
nuc,mapping,Point-LIO Mapping + Camera,76.0,14.680,12.150,2.410,0.130,nuc_mapping_total_cpu.txt
nuc,mapping,Point-LIO Mapping + Camera,77.0,16.920,13.380,3.410,0.130,nuc_mapping_total_cpu.txt
nuc,mapping,Point-LIO Mapping + Camera,78.0,15.760,11.980,3.660,0.130,nuc_mapping_total_cpu.txt
nuc,mapping,Point-LIO Mapping + Camera,79.0,13.170,9.910,3.000,0.260,nuc_mapping_total_cpu.txt
nuc,mapping,Point-LIO Mapping + Camera,80.0,15.660,11.810,3.720,0.130,nuc_mapping_total_cpu.txt
nuc,mapping,Point-LIO Mapping + Camera,81.0,17.710,14.190,3.270,0.250,nuc_mapping_total_cpu.txt
nuc,mapping,Point-LIO Mapping + Camera,82.0,17.130,13.350,3.530,0.250,nuc_mapping_total_cpu.txt
nuc,mapping,Point-LIO Mapping + Camera,83.0,13.360,9.990,3.240,0.130,nuc_mapping_total_cpu.txt
nuc,mapping,Point-LIO Mapping + Camera,84.0,16.750,12.690,3.680,0.380,nuc_mapping_total_cpu.txt
nuc,mapping,Point-LIO Mapping + Camera,85.0,15.890,13.020,2.750,0.130,nuc_mapping_total_cpu.txt
nuc,mapping,Point-LIO Mapping + Camera,86.0,14.120,10.720,3.270,0.130,nuc_mapping_total_cpu.txt
nuc,mapping,Point-LIO Mapping + Camera,87.0,17.200,12.750,4.330,0.120,nuc_mapping_total_cpu.txt
nuc,mapping,Point-LIO Mapping + Camera,88.0,15.770,13.080,2.690,0.000,nuc_mapping_total_cpu.txt
nuc,mapping,Point-LIO Mapping + Camera,89.0,13.600,9.590,3.630,0.390,nuc_mapping_total_cpu.txt
nuc,mapping,Point-LIO Mapping + Camera,90.0,17.840,14.190,3.640,0.000,nuc_mapping_total_cpu.txt
nuc,mapping,Point-LIO Mapping + Camera,91.0,14.720,11.010,3.590,0.130,nuc_mapping_total_cpu.txt
nuc,mapping,Point-LIO Mapping + Camera,92.0,17.050,12.980,3.690,0.380,nuc_mapping_total_cpu.txt
nuc,mapping,Point-LIO Mapping + Camera,93.0,16.980,13.240,3.500,0.250,nuc_mapping_total_cpu.txt
nuc,mapping,Point-LIO Mapping + Camera,94.0,18.280,15.010,3.150,0.130,nuc_mapping_total_cpu.txt
nuc,mapping,Point-LIO Mapping + Camera,95.0,15.490,12.540,2.820,0.130,nuc_mapping_total_cpu.txt
nuc,mapping,Point-LIO Mapping + Camera,96.0,16.560,12.190,4.110,0.260,nuc_mapping_total_cpu.txt
nuc,mapping,Point-LIO Mapping + Camera,97.0,18.180,14.780,3.280,0.130,nuc_mapping_total_cpu.txt
nuc,mapping,Point-LIO Mapping + Camera,98.0,14.640,11.010,3.500,0.130,nuc_mapping_total_cpu.txt
nuc,mapping,Point-LIO Mapping + Camera,99.0,18.140,13.540,4.340,0.260,nuc_mapping_total_cpu.txt
nuc,mapping,Point-LIO Mapping + Camera,100.0,16.010,12.420,3.460,0.130,nuc_mapping_total_cpu.txt
nuc,mapping,Point-LIO Mapping + Camera,101.0,21.220,16.380,4.710,0.120,nuc_mapping_total_cpu.txt
nuc,mapping,Point-LIO Mapping + Camera,102.0,15.860,12.280,3.450,0.130,nuc_mapping_total_cpu.txt
nuc,mapping,Point-LIO Mapping + Camera,103.0,19.500,15.220,4.150,0.130,nuc_mapping_total_cpu.txt
nuc,mapping,Point-LIO Mapping + Camera,104.0,18.350,14.980,3.120,0.250,nuc_mapping_total_cpu.txt
nuc,mapping,Point-LIO Mapping + Camera,105.0,19.320,14.520,4.420,0.380,nuc_mapping_total_cpu.txt
nuc,mapping,Point-LIO Mapping + Camera,106.0,15.060,11.430,3.640,0.000,nuc_mapping_total_cpu.txt
nuc,mapping,Point-LIO Mapping + Camera,107.0,17.010,12.110,4.770,0.130,nuc_mapping_total_cpu.txt
nuc,mapping,Point-LIO Mapping + Camera,108.0,13.910,10.530,3.250,0.130,nuc_mapping_total_cpu.txt
nuc,mapping,Point-LIO Mapping + Camera,109.0,18.560,15.030,3.280,0.250,nuc_mapping_total_cpu.txt
nuc,mapping,Point-LIO Mapping + Camera,110.0,15.600,11.760,3.580,0.260,nuc_mapping_total_cpu.txt
nuc,mapping,Point-LIO Mapping + Camera,111.0,17.080,12.940,4.140,0.000,nuc_mapping_total_cpu.txt
nuc,mapping,Point-LIO Mapping + Camera,112.0,17.700,13.660,3.790,0.250,nuc_mapping_total_cpu.txt
nuc,mapping,Point-LIO Mapping + Camera,113.0,16.360,12.850,3.380,0.130,nuc_mapping_total_cpu.txt
nuc,mapping,Point-LIO Mapping + Camera,114.0,17.800,13.450,4.230,0.130,nuc_mapping_total_cpu.txt
nuc,mapping,Point-LIO Mapping + Camera,115.0,16.880,13.330,3.300,0.250,nuc_mapping_total_cpu.txt
nuc,mapping,Point-LIO Mapping + Camera,116.0,19.240,15.820,3.420,0.000,nuc_mapping_total_cpu.txt
nuc,mapping,Point-LIO Mapping + Camera,117.0,17.100,13.370,3.730,0.000,nuc_mapping_total_cpu.txt
nuc,mapping,Point-LIO Mapping + Camera,118.0,21.490,17.020,4.100,0.370,nuc_mapping_total_cpu.txt
nuc,mapping,Point-LIO Mapping + Camera,119.0,20.420,16.070,4.360,0.000,nuc_mapping_total_cpu.txt
nuc,mapping,Point-LIO Mapping + Camera,120.0,18.150,14.410,3.600,0.130,nuc_mapping_total_cpu.txt
nuc,mapping,Point-LIO Mapping + Camera,121.0,18.080,14.720,3.120,0.250,nuc_mapping_total_cpu.txt
nuc,mapping,Point-LIO Mapping + Camera,122.0,19.040,14.470,4.440,0.130,nuc_mapping_total_cpu.txt
nuc,mapping,Point-LIO Mapping + Camera,123.0,17.050,13.720,3.210,0.130,nuc_mapping_total_cpu.txt
nuc,mapping,Point-LIO Mapping + Camera,124.0,17.750,13.080,4.530,0.130,nuc_mapping_total_cpu.txt
nuc,mapping,Point-LIO Mapping + Camera,125.0,16.190,12.950,3.110,0.130,nuc_mapping_total_cpu.txt
nuc,mapping,Point-LIO Mapping + Camera,126.0,19.650,15.080,4.310,0.250,nuc_mapping_total_cpu.txt
nuc,mapping,Point-LIO Mapping + Camera,127.0,18.720,15.330,3.140,0.250,nuc_mapping_total_cpu.txt
nuc,mapping,Point-LIO Mapping + Camera,128.0,19.180,15.050,3.990,0.130,nuc_mapping_total_cpu.txt
nuc,mapping,Point-LIO Mapping + Camera,129.0,19.170,15.140,3.910,0.130,nuc_mapping_total_cpu.txt
nuc,mapping,Point-LIO Mapping + Camera,130.0,20.150,16.120,3.780,0.250,nuc_mapping_total_cpu.txt
nuc,mapping,Point-LIO Mapping + Camera,131.0,19.900,15.490,4.030,0.380,nuc_mapping_total_cpu.txt
nuc,mapping,Point-LIO Mapping + Camera,132.0,18.080,14.230,3.850,0.000,nuc_mapping_total_cpu.txt
nuc,mapping,Point-LIO Mapping + Camera,133.0,20.920,16.460,4.210,0.260,nuc_mapping_total_cpu.txt
nuc,mapping,Point-LIO Mapping + Camera,134.0,16.750,13.660,3.090,0.000,nuc_mapping_total_cpu.txt
nuc,mapping,Point-LIO Mapping + Camera,135.0,21.140,16.710,4.180,0.250,nuc_mapping_total_cpu.txt
nuc,mapping,Point-LIO Mapping + Camera,136.0,16.840,13.340,3.500,0.000,nuc_mapping_total_cpu.txt
nuc,mapping,Point-LIO Mapping + Camera,137.0,20.630,16.710,3.670,0.250,nuc_mapping_total_cpu.txt
nuc,mapping,Point-LIO Mapping + Camera,138.0,17.080,12.810,4.010,0.260,nuc_mapping_total_cpu.txt
nuc,mapping,Point-LIO Mapping + Camera,139.0,19.790,16.060,3.730,0.000,nuc_mapping_total_cpu.txt
nuc,mapping,Point-LIO Mapping + Camera,140.0,19.520,15.460,3.800,0.250,nuc_mapping_total_cpu.txt
nuc,mapping,Point-LIO Mapping + Camera,141.0,18.300,14.120,4.180,0.000,nuc_mapping_total_cpu.txt
nuc,mapping,Point-LIO Mapping + Camera,142.0,20.950,16.950,3.870,0.120,nuc_mapping_total_cpu.txt
nuc,mapping,Point-LIO Mapping + Camera,143.0,19.900,15.660,3.980,0.260,nuc_mapping_total_cpu.txt
nuc,mapping,Point-LIO Mapping + Camera,144.0,20.300,16.490,3.680,0.130,nuc_mapping_total_cpu.txt
nuc,mapping,Point-LIO Mapping + Camera,145.0,20.050,15.550,4.240,0.260,nuc_mapping_total_cpu.txt
nuc,mapping,Point-LIO Mapping + Camera,146.0,17.550,13.550,3.870,0.130,nuc_mapping_total_cpu.txt
nuc,mapping,Point-LIO Mapping + Camera,147.0,19.950,15.760,3.940,0.250,nuc_mapping_total_cpu.txt
nuc,mapping,Point-LIO Mapping + Camera,148.0,21.290,17.620,3.550,0.130,nuc_mapping_total_cpu.txt
nuc,mapping,Point-LIO Mapping + Camera,149.0,20.730,16.560,4.170,0.000,nuc_mapping_total_cpu.txt
nuc,mapping,Point-LIO Mapping + Camera,150.0,21.100,17.260,3.840,0.000,nuc_mapping_total_cpu.txt
nuc,mapping,Point-LIO Mapping + Camera,151.0,17.560,13.520,3.770,0.260,nuc_mapping_total_cpu.txt
nuc,mapping,Point-LIO Mapping + Camera,152.0,21.500,17.550,3.940,0.000,nuc_mapping_total_cpu.txt
nuc,mapping,Point-LIO Mapping + Camera,153.0,20.410,16.100,4.060,0.250,nuc_mapping_total_cpu.txt
nuc,mapping,Point-LIO Mapping + Camera,154.0,20.580,16.510,3.670,0.390,nuc_mapping_total_cpu.txt
nuc,mapping,Point-LIO Mapping + Camera,155.0,19.170,15.160,4.020,0.000,nuc_mapping_total_cpu.txt
nuc,mapping,Point-LIO Mapping + Camera,156.0,21.940,17.420,4.520,0.000,nuc_mapping_total_cpu.txt
nuc,mapping,Point-LIO Mapping + Camera,157.0,20.440,16.970,3.210,0.260,nuc_mapping_total_cpu.txt
nuc,mapping,Point-LIO Mapping + Camera,158.0,22.680,17.910,4.640,0.130,nuc_mapping_total_cpu.txt
nuc,mapping,Point-LIO Mapping + Camera,159.0,19.690,15.830,3.730,0.130,nuc_mapping_total_cpu.txt
nuc,mapping,Point-LIO Mapping + Camera,160.0,24.870,20.330,4.420,0.130,nuc_mapping_total_cpu.txt
nuc,mapping,Point-LIO Mapping + Camera,161.0,21.510,17.800,3.710,0.000,nuc_mapping_total_cpu.txt
nuc,mapping,Point-LIO Mapping + Camera,162.0,24.390,19.160,4.980,0.260,nuc_mapping_total_cpu.txt
nuc,mapping,Point-LIO Mapping + Camera,163.0,25.940,21.580,4.360,0.000,nuc_mapping_total_cpu.txt
nuc,mapping,Point-LIO Mapping + Camera,164.0,22.250,18.460,3.540,0.250,nuc_mapping_total_cpu.txt
nuc,mapping,Point-LIO Mapping + Camera,165.0,20.730,16.580,4.020,0.130,nuc_mapping_total_cpu.txt
nuc,mapping,Point-LIO Mapping + Camera,166.0,19.340,16.060,3.030,0.250,nuc_mapping_total_cpu.txt
nuc,mapping,Point-LIO Mapping + Camera,167.0,22.320,18.030,4.160,0.130,nuc_mapping_total_cpu.txt
nuc,mapping,Point-LIO Mapping + Camera,168.0,18.720,15.390,2.950,0.380,nuc_mapping_total_cpu.txt
nuc,mapping,Point-LIO Mapping + Camera,169.0,21.350,17.780,3.430,0.130,nuc_mapping_total_cpu.txt
nuc,mapping,Point-LIO Mapping + Camera,170.0,18.730,15.570,3.160,0.000,nuc_mapping_total_cpu.txt
nuc,mapping,Point-LIO Mapping + Camera,171.0,20.480,17.180,2.930,0.380,nuc_mapping_total_cpu.txt
nuc,mapping,Point-LIO Mapping + Camera,172.0,20.080,16.920,3.160,0.000,nuc_mapping_total_cpu.txt
nuc,mapping,Point-LIO Mapping + Camera,173.0,21.110,16.990,3.990,0.130,nuc_mapping_total_cpu.txt
nuc,mapping,Point-LIO Mapping + Camera,174.0,18.670,14.960,3.450,0.260,nuc_mapping_total_cpu.txt
nuc,mapping,Point-LIO Mapping + Camera,175.0,21.580,18.010,3.580,0.000,nuc_mapping_total_cpu.txt
nuc,mapping,Point-LIO Mapping + Camera,176.0,21.130,17.800,3.200,0.130,nuc_mapping_total_cpu.txt
nuc,mapping,Point-LIO Mapping + Camera,177.0,23.110,18.620,3.980,0.510,nuc_mapping_total_cpu.txt
nuc,mapping,Point-LIO Mapping + Camera,178.0,19.820,16.640,3.050,0.130,nuc_mapping_total_cpu.txt
nuc,mapping,Point-LIO Mapping + Camera,179.0,23.510,19.780,3.610,0.120,nuc_mapping_total_cpu.txt
nuc,mapping,Point-LIO Mapping + Camera,180.0,24.200,19.750,4.320,0.120,nuc_mapping_total_cpu.txt
nuc,mapping,Point-LIO Mapping + Camera,181.0,21.130,18.050,3.070,0.000,nuc_mapping_total_cpu.txt
nuc,mapping,Point-LIO Mapping + Camera,182.0,21.770,17.410,4.230,0.130,nuc_mapping_total_cpu.txt
nuc,mapping,Point-LIO Mapping + Camera,183.0,20.550,16.900,3.400,0.250,nuc_mapping_total_cpu.txt
nuc,mapping,Point-LIO Mapping + Camera,184.0,21.410,17.310,3.590,0.510,nuc_mapping_total_cpu.txt
nuc,mapping,Point-LIO Mapping + Camera,185.0,23.540,20.240,3.290,0.000,nuc_mapping_total_cpu.txt
nuc,mapping,Point-LIO Mapping + Camera,186.0,22.180,18.250,3.930,0.000,nuc_mapping_total_cpu.txt
nuc,mapping,Point-LIO Mapping + Camera,187.0,20.810,17.260,3.550,0.000,nuc_mapping_total_cpu.txt
nuc,mapping,Point-LIO Mapping + Camera,188.0,22.090,18.130,3.700,0.260,nuc_mapping_total_cpu.txt
nuc,mapping,Point-LIO Mapping + Camera,189.0,21.070,16.750,4.190,0.130,nuc_mapping_total_cpu.txt
nuc,mapping,Point-LIO Mapping + Camera,190.0,20.730,16.660,3.810,0.260,nuc_mapping_total_cpu.txt
nuc,mapping,Point-LIO Mapping + Camera,191.0,24.430,20.650,3.530,0.250,nuc_mapping_total_cpu.txt
nuc,mapping,Point-LIO Mapping + Camera,192.0,24.770,20.000,4.520,0.260,nuc_mapping_total_cpu.txt
nuc,mapping,Point-LIO Mapping + Camera,193.0,23.640,19.220,4.300,0.130,nuc_mapping_total_cpu.txt
nuc,mapping,Point-LIO Mapping + Camera,194.0,22.540,18.950,3.460,0.130,nuc_mapping_total_cpu.txt
nuc,mapping,Point-LIO Mapping + Camera,195.0,20.390,16.120,4.000,0.260,nuc_mapping_total_cpu.txt
nuc,mapping,Point-LIO Mapping + Camera,196.0,18.980,15.840,3.010,0.130,nuc_mapping_total_cpu.txt
nuc,mapping,Point-LIO Mapping + Camera,197.0,22.370,18.290,3.950,0.130,nuc_mapping_total_cpu.txt
nuc,mapping,Point-LIO Mapping + Camera,198.0,21.280,17.950,3.330,0.000,nuc_mapping_total_cpu.txt
nuc,mapping,Point-LIO Mapping + Camera,199.0,24.100,20.000,3.850,0.260,nuc_mapping_total_cpu.txt
nuc,mapping,Point-LIO Mapping + Camera,200.0,22.480,19.120,3.230,0.130,nuc_mapping_total_cpu.txt
nuc,mapping,Point-LIO Mapping + Camera,201.0,24.810,20.480,4.070,0.250,nuc_mapping_total_cpu.txt
nuc,mapping,Point-LIO Mapping + Camera,202.0,20.230,17.400,2.450,0.390,nuc_mapping_total_cpu.txt
nuc,mapping,Point-LIO Mapping + Camera,203.0,17.950,15.340,2.600,0.000,nuc_mapping_total_cpu.txt
nuc,mapping,Point-LIO Mapping + Camera,204.0,21.060,18.160,2.770,0.130,nuc_mapping_total_cpu.txt
nuc,mapping,Point-LIO Mapping + Camera,205.0,23.700,19.900,3.680,0.130,nuc_mapping_total_cpu.txt
nuc,mapping,Point-LIO Mapping + Camera,206.0,21.210,18.310,2.650,0.250,nuc_mapping_total_cpu.txt
nuc,mapping,Point-LIO Mapping + Camera,207.0,25.130,21.040,3.830,0.260,nuc_mapping_total_cpu.txt
nuc,mapping,Point-LIO Mapping + Camera,208.0,22.510,19.570,2.810,0.130,nuc_mapping_total_cpu.txt
nuc,mapping,Point-LIO Mapping + Camera,209.0,23.880,20.160,3.590,0.130,nuc_mapping_total_cpu.txt
nuc,mapping,Point-LIO Mapping + Camera,210.0,22.780,19.820,2.570,0.390,nuc_mapping_total_cpu.txt
nuc,mapping,Point-LIO Mapping + Camera,211.0,24.580,20.740,3.710,0.130,nuc_mapping_total_cpu.txt
nuc,mapping,Point-LIO Mapping + Camera,212.0,22.830,19.720,3.110,0.000,nuc_mapping_total_cpu.txt
nuc,mapping,Point-LIO Mapping + Camera,213.0,22.840,19.740,2.710,0.390,nuc_mapping_total_cpu.txt
nuc,mapping,Point-LIO Mapping + Camera,214.0,26.300,22.390,3.780,0.130,nuc_mapping_total_cpu.txt
nuc,mapping,Point-LIO Mapping + Camera,215.0,22.240,18.380,3.600,0.260,nuc_mapping_total_cpu.txt
nuc,mapping,Point-LIO Mapping + Camera,216.0,23.450,20.080,3.110,0.260,nuc_mapping_total_cpu.txt
nuc,mapping,Point-LIO Mapping + Camera,217.0,21.820,18.740,2.950,0.130,nuc_mapping_total_cpu.txt
nuc,mapping,Point-LIO Mapping + Camera,218.0,23.720,20.530,2.930,0.260,nuc_mapping_total_cpu.txt
nuc,mapping,Point-LIO Mapping + Camera,219.0,24.580,21.890,2.560,0.130,nuc_mapping_total_cpu.txt
nuc,mapping,Point-LIO Mapping + Camera,220.0,26.420,23.130,3.160,0.130,nuc_mapping_total_cpu.txt
nuc,mapping,Point-LIO Mapping + Camera,221.0,20.130,16.870,3.140,0.130,nuc_mapping_total_cpu.txt
nuc,mapping,Point-LIO Mapping + Camera,222.0,24.460,20.870,3.330,0.260,nuc_mapping_total_cpu.txt
nuc,mapping,Point-LIO Mapping + Camera,223.0,19.660,16.800,2.600,0.260,nuc_mapping_total_cpu.txt
nuc,mapping,Point-LIO Mapping + Camera,224.0,25.340,21.740,3.480,0.120,nuc_mapping_total_cpu.txt
nuc,mapping,Point-LIO Mapping + Camera,225.0,20.990,18.250,2.350,0.390,nuc_mapping_total_cpu.txt
nuc,mapping,Point-LIO Mapping + Camera,226.0,22.890,19.760,3.120,0.000,nuc_mapping_total_cpu.txt
nuc,mapping,Point-LIO Mapping + Camera,227.0,25.250,21.590,3.540,0.130,nuc_mapping_total_cpu.txt
nuc,mapping,Point-LIO Mapping + Camera,228.0,19.380,15.920,3.210,0.260,nuc_mapping_total_cpu.txt
nuc,mapping,Point-LIO Mapping + Camera,229.0,16.170,13.070,3.100,0.000,nuc_mapping_total_cpu.txt
nuc,mapping,Point-LIO Mapping + Camera,230.0,17.400,14.770,2.630,0.000,nuc_mapping_total_cpu.txt
nuc,mapping,Point-LIO Mapping + Camera,231.0,16.600,13.280,3.070,0.260,nuc_mapping_total_cpu.txt
nuc,mapping,Point-LIO Mapping + Camera,232.0,21.430,18.620,2.550,0.260,nuc_mapping_total_cpu.txt
nuc,mapping,Point-LIO Mapping + Camera,233.0,22.190,18.540,3.400,0.250,nuc_mapping_total_cpu.txt
nuc,mapping,Point-LIO Mapping + Camera,234.0,22.110,18.120,3.730,0.260,nuc_mapping_total_cpu.txt
nuc,mapping,Point-LIO Mapping + Camera,235.0,20.150,17.020,3.000,0.130,nuc_mapping_total_cpu.txt
nuc,mapping,Point-LIO Mapping + Camera,236.0,17.240,14.480,2.500,0.260,nuc_mapping_total_cpu.txt
nuc,mapping,Point-LIO Mapping + Camera,237.0,20.730,17.470,3.130,0.130,nuc_mapping_total_cpu.txt
nuc,mapping,Point-LIO Mapping + Camera,238.0,17.370,14.410,2.570,0.390,nuc_mapping_total_cpu.txt
nuc,mapping,Point-LIO Mapping + Camera,239.0,22.160,19.590,2.580,0.000,nuc_mapping_total_cpu.txt
nuc,mapping,Point-LIO Mapping + Camera,240.0,19.230,16.160,3.080,0.000,nuc_mapping_total_cpu.txt
nuc,mapping,Point-LIO Mapping + Camera,241.0,19.070,15.270,3.660,0.130,nuc_mapping_total_cpu.txt
nuc,mapping,Point-LIO Mapping + Camera,242.0,16.210,13.360,2.850,0.000,nuc_mapping_total_cpu.txt
nuc,mapping,Point-LIO Mapping + Camera,243.0,21.410,17.450,3.710,0.250,nuc_mapping_total_cpu.txt
nuc,mapping,Point-LIO Mapping + Camera,244.0,18.810,15.280,3.280,0.250,nuc_mapping_total_cpu.txt
nuc,mapping,Point-LIO Mapping + Camera,245.0,23.580,19.590,3.870,0.130,nuc_mapping_total_cpu.txt
nuc,mapping,Point-LIO Mapping + Camera,246.0,23.540,20.100,3.310,0.130,nuc_mapping_total_cpu.txt
nuc,mapping,Point-LIO Mapping + Camera,247.0,20.080,16.880,2.940,0.260,nuc_mapping_total_cpu.txt
nuc,mapping,Point-LIO Mapping + Camera,248.0,21.070,17.510,3.300,0.250,nuc_mapping_total_cpu.txt
nuc,mapping,Point-LIO Mapping + Camera,249.0,19.480,16.130,2.970,0.390,nuc_mapping_total_cpu.txt
nuc,mapping,Point-LIO Mapping + Camera,250.0,22.180,18.840,3.330,0.000,nuc_mapping_total_cpu.txt
nuc,mapping,Point-LIO Mapping + Camera,251.0,14.770,12.170,2.590,0.000,nuc_mapping_total_cpu.txt
nuc,mapping,Point-LIO Mapping + Camera,252.0,22.670,19.020,3.400,0.250,nuc_mapping_total_cpu.txt
nuc,mapping,Point-LIO Mapping + Camera,253.0,18.030,15.310,2.590,0.130,nuc_mapping_total_cpu.txt
nuc,mapping,Point-LIO Mapping + Camera,254.0,21.380,17.340,3.520,0.520,nuc_mapping_total_cpu.txt
nuc,mapping,Point-LIO Mapping + Camera,255.0,20.970,17.570,3.280,0.130,nuc_mapping_total_cpu.txt
nuc,mapping,Point-LIO Mapping + Camera,256.0,24.160,21.040,2.990,0.130,nuc_mapping_total_cpu.txt
nuc,mapping,Point-LIO Mapping + Camera,257.0,24.230,21.520,2.580,0.130,nuc_mapping_total_cpu.txt
nuc,mapping,Point-LIO Mapping + Camera,258.0,25.710,21.590,3.600,0.510,nuc_mapping_total_cpu.txt
nuc,mapping,Point-LIO Mapping + Camera,259.0,24.340,20.960,3.140,0.250,nuc_mapping_total_cpu.txt
nuc,mapping,Point-LIO Mapping + Camera,260.0,25.710,22.100,3.340,0.260,nuc_mapping_total_cpu.txt
nuc,mapping,Point-LIO Mapping + Camera,261.0,23.350,20.240,3.110,0.000,nuc_mapping_total_cpu.txt
nuc,mapping,Point-LIO Mapping + Camera,262.0,22.140,19.140,2.730,0.260,nuc_mapping_total_cpu.txt
nuc,mapping,Point-LIO Mapping + Camera,263.0,26.190,22.850,3.210,0.130,nuc_mapping_total_cpu.txt
nuc,mapping,Point-LIO Mapping + Camera,264.0,18.160,15.730,2.300,0.130,nuc_mapping_total_cpu.txt
nuc,mapping,Point-LIO Mapping + Camera,265.0,19.070,15.660,3.280,0.130,nuc_mapping_total_cpu.txt
nuc,mapping,Point-LIO Mapping + Camera,266.0,21.530,17.780,3.380,0.380,nuc_mapping_total_cpu.txt
nuc,mapping,Point-LIO Mapping + Camera,267.0,21.520,18.300,3.090,0.130,nuc_mapping_total_cpu.txt
nuc,mapping,Point-LIO Mapping + Camera,268.0,20.760,17.340,3.290,0.130,nuc_mapping_total_cpu.txt
nuc,mapping,Point-LIO Mapping + Camera,269.0,22.510,18.800,3.580,0.130,nuc_mapping_total_cpu.txt
nuc,mapping,Point-LIO Mapping + Camera,270.0,24.160,20.800,3.100,0.260,nuc_mapping_total_cpu.txt
nuc,mapping,Point-LIO Mapping + Camera,271.0,25.930,22.590,3.080,0.260,nuc_mapping_total_cpu.txt
nuc,mapping,Point-LIO Mapping + Camera,272.0,21.230,18.350,2.880,0.000,nuc_mapping_total_cpu.txt
nuc,mapping,Point-LIO Mapping + Camera,273.0,27.140,24.030,2.990,0.130,nuc_mapping_total_cpu.txt
nuc,mapping,Point-LIO Mapping + Camera,274.0,22.380,19.010,3.230,0.130,nuc_mapping_total_cpu.txt
nuc,mapping,Point-LIO Mapping + Camera,275.0,25.580,22.480,3.100,0.000,nuc_mapping_total_cpu.txt
nuc,mapping,Point-LIO Mapping + Camera,276.0,23.040,19.690,3.090,0.260,nuc_mapping_total_cpu.txt
nuc,mapping,Point-LIO Mapping + Camera,277.0,25.480,22.140,3.220,0.130,nuc_mapping_total_cpu.txt
nuc,mapping,Point-LIO Mapping + Camera,278.0,24.620,20.770,3.720,0.130,nuc_mapping_total_cpu.txt
nuc,mapping,Point-LIO Mapping + Camera,279.0,22.280,19.270,2.880,0.130,nuc_mapping_total_cpu.txt
nuc,mapping,Point-LIO Mapping + Camera,280.0,26.790,23.330,3.330,0.130,nuc_mapping_total_cpu.txt
nuc,mapping,Point-LIO Mapping + Camera,281.0,21.920,18.240,3.280,0.390,nuc_mapping_total_cpu.txt
nuc,mapping,Point-LIO Mapping + Camera,282.0,25.770,22.710,2.930,0.130,nuc_mapping_total_cpu.txt
nuc,mapping,Point-LIO Mapping + Camera,283.0,24.580,21.380,3.070,0.130,nuc_mapping_total_cpu.txt
nuc,mapping,Point-LIO Mapping + Camera,284.0,26.500,22.920,3.460,0.130,nuc_mapping_total_cpu.txt
nuc,mapping,Point-LIO Mapping + Camera,285.0,24.810,21.740,2.940,0.130,nuc_mapping_total_cpu.txt
nuc,mapping,Point-LIO Mapping + Camera,286.0,24.480,21.780,2.580,0.130,nuc_mapping_total_cpu.txt
nuc,mapping,Point-LIO Mapping + Camera,287.0,20.570,17.980,2.590,0.000,nuc_mapping_total_cpu.txt
nuc,mapping,Point-LIO Mapping + Camera,288.0,23.470,19.820,3.390,0.260,nuc_mapping_total_cpu.txt
nuc,mapping,Point-LIO Mapping + Camera,289.0,19.530,16.150,3.120,0.260,nuc_mapping_total_cpu.txt
nuc,mapping,Point-LIO Mapping + Camera,290.0,26.520,21.440,4.830,0.250,nuc_mapping_total_cpu.txt
nuc,mapping,Point-LIO Mapping + Camera,291.0,20.180,16.280,3.910,0.000,nuc_mapping_total_cpu.txt
nuc,mapping,Point-LIO Mapping + Camera,292.0,24.690,20.160,4.280,0.250,nuc_mapping_total_cpu.txt
nuc,mapping,Point-LIO Mapping + Camera,293.0,20.750,17.250,3.370,0.130,nuc_mapping_total_cpu.txt
nuc,mapping,Point-LIO Mapping + Camera,294.0,22.420,19.070,3.220,0.130,nuc_mapping_total_cpu.txt
nuc,mapping,Point-LIO Mapping + Camera,295.0,22.560,18.070,4.360,0.130,nuc_mapping_total_cpu.txt
nuc,mapping,Point-LIO Mapping + Camera,296.0,22.460,19.290,3.170,0.000,nuc_mapping_total_cpu.txt
nuc,mapping,Point-LIO Mapping + Camera,297.0,23.400,19.820,3.320,0.260,nuc_mapping_total_cpu.txt
nuc,mapping,Point-LIO Mapping + Camera,298.0,21.680,17.420,4.000,0.260,nuc_mapping_total_cpu.txt
nuc,mapping,Point-LIO Mapping + Camera,299.0,24.840,20.630,3.950,0.250,nuc_mapping_total_cpu.txt
nuc,mapping,Point-LIO Mapping + Camera,300.0,23.270,20.000,3.140,0.130,nuc_mapping_total_cpu.txt
nuc,mapping,Point-LIO Mapping + Camera,301.0,23.480,18.970,4.390,0.130,nuc_mapping_total_cpu.txt
nuc,mapping,Point-LIO Mapping + Camera,302.0,20.910,17.660,2.990,0.260,nuc_mapping_total_cpu.txt
nuc,mapping,Point-LIO Mapping + Camera,303.0,22.860,19.220,3.640,0.000,nuc_mapping_total_cpu.txt
nuc,mapping,Point-LIO Mapping + Camera,304.0,21.540,17.950,3.210,0.380,nuc_mapping_total_cpu.txt
nuc,mapping,Point-LIO Mapping + Camera,305.0,23.390,19.120,4.130,0.130,nuc_mapping_total_cpu.txt
nuc,mapping,Point-LIO Mapping + Camera,306.0,23.800,20.500,3.290,0.000,nuc_mapping_total_cpu.txt
nuc,mapping,Point-LIO Mapping + Camera,307.0,24.370,20.560,3.550,0.250,nuc_mapping_total_cpu.txt
nuc,mapping,Point-LIO Mapping + Camera,308.0,21.900,17.670,4.100,0.130,nuc_mapping_total_cpu.txt
nuc,mapping,Point-LIO Mapping + Camera,309.0,25.590,22.360,3.110,0.120,nuc_mapping_total_cpu.txt
nuc,mapping,Point-LIO Mapping + Camera,310.0,23.660,19.920,3.490,0.250,nuc_mapping_total_cpu.txt
nuc,mapping,Point-LIO Mapping + Camera,311.0,23.500,19.280,4.090,0.130,nuc_mapping_total_cpu.txt
nuc,mapping,Point-LIO Mapping + Camera,312.0,24.200,21.020,3.180,0.000,nuc_mapping_total_cpu.txt
nuc,mapping,Point-LIO Mapping + Camera,313.0,24.650,20.610,3.920,0.130,nuc_mapping_total_cpu.txt
nuc,mapping,Point-LIO Mapping + Camera,314.0,26.600,22.450,3.890,0.250,nuc_mapping_total_cpu.txt
nuc,mapping,Point-LIO Mapping + Camera,315.0,21.570,17.910,3.530,0.130,nuc_mapping_total_cpu.txt
nuc,mapping,Point-LIO Mapping + Camera,316.0,25.990,21.630,4.100,0.260,nuc_mapping_total_cpu.txt
nuc,mapping,Point-LIO Mapping + Camera,317.0,22.880,19.540,3.210,0.130,nuc_mapping_total_cpu.txt
nuc,mapping,Point-LIO Mapping + Camera,318.0,24.150,20.500,3.520,0.130,nuc_mapping_total_cpu.txt
nuc,mapping,Point-LIO Mapping + Camera,319.0,23.210,19.610,3.590,0.000,nuc_mapping_total_cpu.txt
nuc,mapping,Point-LIO Mapping + Camera,320.0,27.320,23.250,3.680,0.380,nuc_mapping_total_cpu.txt
nuc,mapping,Point-LIO Mapping + Camera,321.0,20.600,18.000,2.590,0.000,nuc_mapping_total_cpu.txt
nuc,mapping,Point-LIO Mapping + Camera,322.0,24.340,21.190,3.030,0.130,nuc_mapping_total_cpu.txt
nuc,mapping,Point-LIO Mapping + Camera,323.0,20.050,17.570,2.360,0.130,nuc_mapping_total_cpu.txt
nuc,mapping,Point-LIO Mapping + Camera,324.0,21.590,18.200,3.250,0.130,nuc_mapping_total_cpu.txt
nuc,mapping,Point-LIO Mapping + Camera,325.0,25.870,22.510,3.110,0.250,nuc_mapping_total_cpu.txt
nuc,mapping,Point-LIO Mapping + Camera,326.0,26.830,24.140,2.570,0.130,nuc_mapping_total_cpu.txt
nuc,mapping,Point-LIO Mapping + Camera,327.0,23.250,20.510,2.600,0.130,nuc_mapping_total_cpu.txt
nuc,mapping,Point-LIO Mapping + Camera,328.0,25.350,21.880,3.220,0.260,nuc_mapping_total_cpu.txt
nuc,mapping,Point-LIO Mapping + Camera,329.0,27.220,23.800,3.160,0.250,nuc_mapping_total_cpu.txt
nuc,mapping,Point-LIO Mapping + Camera,330.0,25.390,21.780,3.350,0.260,nuc_mapping_total_cpu.txt
nuc,mapping,Point-LIO Mapping + Camera,331.0,25.780,22.260,3.390,0.130,nuc_mapping_total_cpu.txt
nuc,mapping,Point-LIO Mapping + Camera,332.0,23.230,20.210,2.890,0.130,nuc_mapping_total_cpu.txt
nuc,mapping,Point-LIO Mapping + Camera,333.0,28.040,24.460,3.590,0.000,nuc_mapping_total_cpu.txt
nuc,mapping,Point-LIO Mapping + Camera,334.0,25.290,21.790,3.110,0.390,nuc_mapping_total_cpu.txt
nuc,mapping,Point-LIO Mapping + Camera,335.0,27.550,24.150,3.400,0.000,nuc_mapping_total_cpu.txt
nuc,mapping,Point-LIO Mapping + Camera,336.0,24.700,20.610,3.570,0.530,nuc_mapping_total_cpu.txt
nuc,mapping,Point-LIO Mapping + Camera,337.0,29.310,24.810,4.370,0.130,nuc_mapping_total_cpu.txt
nuc,mapping,Point-LIO Mapping + Camera,338.0,24.610,21.470,3.140,0.000,nuc_mapping_total_cpu.txt
nuc,mapping,Point-LIO Mapping + Camera,339.0,28.530,24.650,3.630,0.260,nuc_mapping_total_cpu.txt
nuc,mapping,Point-LIO Mapping + Camera,340.0,25.520,22.390,2.990,0.130,nuc_mapping_total_cpu.txt
nuc,mapping,Point-LIO Mapping + Camera,341.0,27.420,23.760,3.660,0.000,nuc_mapping_total_cpu.txt
nuc,mapping,Point-LIO Mapping + Camera,342.0,25.610,22.040,3.310,0.250,nuc_mapping_total_cpu.txt
nuc,mapping,Point-LIO Mapping + Camera,343.0,24.000,20.520,3.350,0.130,nuc_mapping_total_cpu.txt
nuc,mapping,Point-LIO Mapping + Camera,344.0,25.360,21.840,3.250,0.260,nuc_mapping_total_cpu.txt
nuc,mapping,Point-LIO Mapping + Camera,345.0,25.130,22.440,2.560,0.130,nuc_mapping_total_cpu.txt
nuc,mapping,Point-LIO Mapping + Camera,346.0,25.160,22.050,2.850,0.260,nuc_mapping_total_cpu.txt
nuc,mapping,Point-LIO Mapping + Camera,347.0,23.930,20.670,2.990,0.260,nuc_mapping_total_cpu.txt
nuc,mapping,Point-LIO Mapping + Camera,348.0,28.090,24.480,3.610,0.000,nuc_mapping_total_cpu.txt
nuc,mapping,Point-LIO Mapping + Camera,349.0,25.160,21.940,3.100,0.130,nuc_mapping_total_cpu.txt
nuc,mapping,Point-LIO Mapping + Camera,350.0,25.590,22.430,3.170,0.000,nuc_mapping_total_cpu.txt
nuc,mapping,Point-LIO Mapping + Camera,351.0,24.580,21.370,2.960,0.260,nuc_mapping_total_cpu.txt
nuc,mapping,Point-LIO Mapping + Camera,352.0,28.570,25.570,2.880,0.130,nuc_mapping_total_cpu.txt
nuc,mapping,Point-LIO Mapping + Camera,353.0,25.320,21.990,3.200,0.130,nuc_mapping_total_cpu.txt
nuc,mapping,Point-LIO Mapping + Camera,354.0,26.750,23.590,3.030,0.130,nuc_mapping_total_cpu.txt
nuc,mapping,Point-LIO Mapping + Camera,355.0,24.810,21.450,3.230,0.130,nuc_mapping_total_cpu.txt
nuc,mapping,Point-LIO Mapping + Camera,356.0,25.680,22.330,3.100,0.260,nuc_mapping_total_cpu.txt
nuc,mapping,Point-LIO Mapping + Camera,357.0,26.020,23.090,2.810,0.130,nuc_mapping_total_cpu.txt
nuc,mapping,Point-LIO Mapping + Camera,358.0,25.660,22.110,3.420,0.130,nuc_mapping_total_cpu.txt
nuc,mapping,Point-LIO Mapping + Camera,359.0,30.140,25.670,4.340,0.130,nuc_mapping_total_cpu.txt
nuc,mapping,Point-LIO Mapping + Camera,360.0,22.910,20.130,2.520,0.260,nuc_mapping_total_cpu.txt
nuc,mapping,Point-LIO Mapping + Camera,361.0,26.070,22.690,3.240,0.130,nuc_mapping_total_cpu.txt
nuc,mapping,Point-LIO Mapping + Camera,362.0,25.130,21.910,3.220,0.000,nuc_mapping_total_cpu.txt
nuc,mapping,Point-LIO Mapping + Camera,363.0,26.230,23.000,2.840,0.390,nuc_mapping_total_cpu.txt
nuc,mapping,Point-LIO Mapping + Camera,364.0,24.100,21.540,2.440,0.130,nuc_mapping_total_cpu.txt
nuc,mapping,Point-LIO Mapping + Camera,365.0,30.340,26.050,4.040,0.260,nuc_mapping_total_cpu.txt
nuc,mapping,Point-LIO Mapping + Camera,366.0,25.000,21.780,2.960,0.260,nuc_mapping_total_cpu.txt
nuc,mapping,Point-LIO Mapping + Camera,367.0,27.430,24.450,2.850,0.130,nuc_mapping_total_cpu.txt
nuc,mapping,Point-LIO Mapping + Camera,368.0,24.040,21.270,2.640,0.130,nuc_mapping_total_cpu.txt
nuc,mapping,Point-LIO Mapping + Camera,369.0,27.310,24.780,2.400,0.130,nuc_mapping_total_cpu.txt
nuc,mapping,Point-LIO Mapping + Camera,370.0,23.250,20.380,2.730,0.130,nuc_mapping_total_cpu.txt
nuc,mapping,Point-LIO Mapping + Camera,371.0,26.470,22.760,3.580,0.130,nuc_mapping_total_cpu.txt
nuc,mapping,Point-LIO Mapping + Camera,372.0,24.710,21.620,2.960,0.130,nuc_mapping_total_cpu.txt
nuc,mapping,Point-LIO Mapping + Camera,373.0,23.880,20.410,3.340,0.130,nuc_mapping_total_cpu.txt
nuc,mapping,Point-LIO Mapping + Camera,374.0,25.750,22.100,3.510,0.130,nuc_mapping_total_cpu.txt
nuc,mapping,Point-LIO Mapping + Camera,375.0,25.770,21.920,3.460,0.380,nuc_mapping_total_cpu.txt
nuc,mapping,Point-LIO Mapping + Camera,376.0,31.610,27.200,3.900,0.500,nuc_mapping_total_cpu.txt
nuc,mapping,Point-LIO Mapping + Camera,377.0,29.840,26.420,2.910,0.510,nuc_mapping_total_cpu.txt
